,pkg_name,pkg_size,category,sub_category,country,platform,device_brand_name,lang,osv,bundle_size,adx_times,aff_times,direct_times,request14,impression14,click14,ctr14,cvr14,sim_clickconvir_score,sim_clickconvf_score,sim_installir_score,sim_installf_score,pkgBundleWeight,pkgBundleWeightSim
0,IN.MOHALLA.SHARECHAT,OTHERS,APPLICATIONS,SOCIAL,IN,ANDROID,VIVO,OTHERS,11,4.317488,3,5,3,1397,151,5,0.033112583,0.0,-20.72326584,-20.72326584,-20.72326584,-20.72326584,-4.163399,-2.860797
1,COM.NEXT.INNOVATION.TAKATAK,OTHERS,APPLICATIONS,SOCIAL,IN,ANDROID,VIVO,OTHERS,11,3.135494,0,7,0,1109,157,3,0.01910828,0.0,-20.72326584,-20.72326584,-20.72326584,-20.72326584,-3.792754,-3.032013
2,COM.NEXT.INNOVATION.TAKATAK,OTHERS,APPLICATIONS,SOCIAL,IN,ANDROID,XIAOMI,ENGLISH,9,3.850148,1,11,1,764,103,2,0.019417476,0.0,-20.72326584,-20.72326584,-20.72326584,-20.72326584,-3.975856,-3.014831
3,COM.NEXT.INNOVATION.TAKATAK,OTHERS,APPLICATIONS,SOCIAL,IN,ANDROID,VIVO,ENGLISH,30,1.94591,5,31,5,651,109,1,0.009174312,0.0,-20.72326584,-20.72326584,-20.72326584,-20.72326584,-3.68272,-3.230534
4,COM.NEXT.INNOVATION.TAKATAK,OTHERS,APPLICATIONS,SOCIAL,IN,ANDROID,XIAOMI,HINDI,9,3.688879,7,56,7,581,115,0,0.0,0.0,-20.72326584,-20.72326584,-20.72326584,-20.72326584,-3.834702,-3.210154
5,COM.NEXT.INNOVATION.TAKATAK,OTHERS,APPLICATIONS,SOCIAL,IN,ANDROID,XIAOMI,ENGLISH,9,3.258097,11,3,11,531,41,1,0.024390244,0.0,-20.72326584,-20.72326584,-20.72326584,-20.72326584,-3.909438,-3.077861
6,IN.MOHALLA.SHARECHAT,OTHERS,APPLICATIONS,SOCIAL,IN,ANDROID,XIAOMI,ENGLISH,9,4.26268,31,0,31,485,67,0,0.0,0.0,-20.72326584,-20.72326584,-20.72326584,-20.72326584,-4.090366,-2.823966
7,IN.MOHALLA.SHARECHAT,OTHERS,APPLICATIONS,SOCIAL,IN,ANDROID,XIAOMI,ENGLISH,11,2.833213,56,1,56,471,81,2,0.024691358,0.0,-20.72326584,-20.72326584,-20.72326584,-20.72326584,-3.861108,-2.672787
8,COM.NEXT.INNOVATION.TAKATAK,OTHERS,APPLICATIONS,SOCIAL,IN,ANDROID,VIVO,OTHERS,9,4.60517,3,5,3,412,15,1,0.066666667,0.0,-20.72326584,-20.72326584,-20.72326584,-20.72326584,-4.040374,-3.108937
9,COM.NEXT.INNOVATION.TAKATAK,OTHERS,APPLICATIONS,SOCIAL,IN,ANDROID,VIVO,OTHERS,8.1.0,4.127134,0,7,0,378,31,1,0.032258065,0.0,-20.72326584,-20.72326584,-20.72326584,-20.72326584,-4.033886,-3.000031
10,COM.NEXT.INNOVATION.TAKATAK,OTHERS,APPLICATIONS,SOCIAL,IN,ANDROID,REALME,ENGLISH,30,1.386294,1,11,1,362,12,0,0.0,0.0,-20.72326584,-20.72326584,-20.72326584,-20.72326584,-3.922061,-2.500127
11,COM.NEXT.INNOVATION.TAKATAK,OTHERS,APPLICATIONS,SOCIAL,IN,ANDROID,OPPO,ENGLISH,30,2.833213,5,31,5,310,15,1,0.066666667,0.0,-20.72326584,-20.72326584,-20.72326584,-20.72326584,-4.099815,-3.270637
12,COM.NEXT.INNOVATION.TAKATAK,OTHERS,APPLICATIONS,SOCIAL,IN,ANDROID,VIVO,OTHERS,11,1.791759,7,56,7,299,41,1,0.024390244,0.0,-20.72326584,-20.72326584,-20.72326584,-20.72326584,-3.735855,-3.202735
13,IN.MOHALLA.SHARECHAT,OTHERS,APPLICATIONS,SOCIAL,IN,ANDROID,XIAOMI,ENGLISH,9,3.610918,11,3,11,296,13,1,0.076923077,0.0,-20.72326584,-20.72326584,-20.72326584,-20.72326584,-3.929487,-2.656473
14,IN.MOHALLA.SHARECHAT,OTHERS,APPLICATIONS,SOCIAL,IN,ANDROID,VIVO,OTHERS,10,2.397895,31,0,31,287,14,0,0.0,0.0,-20.72326584,-20.72326584,-20.72326584,-20.72326584,-3.481368,-2.749875
15,COM.NEXT.INNOVATION.TAKATAK,OTHERS,APPLICATIONS,SOCIAL,IN,ANDROID,XIAOMI,ENGLISH,9,2.564949,56,1,56,229,19,0,0.0,0.0,-20.72326584,-20.72326584,-20.72326584,-20.72326584,-3.843616,-2.912962
16,COM.NEXT.INNOVATION.TAKATAK,OTHERS,APPLICATIONS,SOCIAL,IN,ANDROID,REALME,ENGLISH,10,3.091042,3,5,3,210,32,0,0.0,0.0,-20.72326584,-20.72326584,-20.72326584,-20.72326584,-3.811736,-2.870161
17,COM.NEXT.INNOVATION.TAKATAK,OTHERS,APPLICATIONS,SOCIAL,IN,ANDROID,XIAOMI,ENGLISH,10,2.079442,0,7,0,190,32,0,0.0,0.0,-20.72326584,-20.72326584,-20.72326584,-20.72326584,-3.46689,-2.986176
18,IN.MOHALLA.SHARECHAT,OTHERS,APPLICATIONS,SOCIAL,IN,ANDROID,XIAOMI,ENGLISH,9,1.098612,1,11,1,187,12,0,0.0,0.0,-20.72326584,-20.72326584,-20.72326584,-20.72326584,-3.348558,-2.815305
19,COM.NEXT.INNOVATION.TAKATAK,OTHERS,APPLICATIONS,SOCIAL,IN,ANDROID,MOTOROLA,ENGLISH,9,3.258097,5,31,5,174,64,0,0.0,0.0,-20.72326584,-20.72326584,-20.72326584,-20.72326584,-3.82995,-3.167463
20,COM.NEXT.INNOVATION.TAKATAK,OTHERS,APPLICATIONS,SOCIAL,IN,ANDROID,REALME,ENGLISH,10,2.564949,7,56,7,167,11,0,0.0,0.0,-20.72326584,-20.72326584,-20.72326584,-20.72326584,-3.723562,-2.980193
21,IN.MOHALLA.SHARECHAT,OTHERS,APPLICATIONS,SOCIAL,IN,ANDROID,XIAOMI,ENGLISH,9,2.70805,11,3,11,156,9,0,0.0,0.0,-20.72326584,-20.72326584,-20.72326584,-20.72326584,-4.031564,-2.974924
22,IN.MOHALLA.SHARECHAT,OTHERS,APPLICATIONS,SOCIAL,IN,ANDROID,XIAOMI,ENGLISH,11,1.609438,31,0,3,145,43,0,0.0,0.0,-20.72326584,-20.72326584,-20.72326584,-20.72326584,-3.746195,-2.755364
23,IN.MOHALLA.SHARECHAT,OTHERS,APPLICATIONS,SOCIAL,IN,ANDROID,XIAOMI,ENGLISH,10,-20.72326584,56,5,0,134,12,0,0.0,0.0,-20.72326584,-20.72326584,-20.72326584,-20.72326584,-20.72326584,-20.72326584
24,COM.NEXT.INNOVATION.TAKATAK,OTHERS,APPLICATIONS,SOCIAL,IN,ANDROID,XIAOMI,ENGLISH,8.1,2.564949,3,7,1,123,11,0,0.0,0.0,-20.72326584,-20.72326584,-20.72326584,-20.72326584,-4.601565,-3.343387
25,IN.MOHALLA.SHARECHAT,OTHERS,APPLICATIONS,SOCIAL,IN,ANDROID,XIAOMI,ENGLISH,11,3.295837,0,11,5,112,8,0,0.0,0.0,-20.72326584,-20.72326584,-20.72326584,-20.72326584,-3.888376,-2.956778
26,COM.NEXT.INNOVATION.TAKATAK,OTHERS,APPLICATIONS,SOCIAL,IN,ANDROID,OPPO,ENGLISH,9,3.295837,1,31,7,101,32,0,0.0,0.0,-20.72326584,-20.72326584,-20.72326584,-20.72326584,-3.963834,-2.937668
27,IN.MOHALLA.SHARECHAT,OTHERS,APPLICATIONS,SOCIAL,IN,ANDROID,XIAOMI,ENGLISH,11,2.70805,5,56,11,90,21,0,0.0,0.0,-20.72326584,-20.72326584,-20.72326584,-20.72326584,-4.138826,-3.111344
28,COM.NEXT.INNOVATION.TAKATAK,OTHERS,APPLICATIONS,SOCIAL,IN,ANDROID,OPPO,ENGLISH,8.1,3.526361,7,3,31,79,42,0,0.0,0.0,-20.72326584,-20.72326584,-20.72326584,-20.72326584,-4.043579,-2.850325
29,COM.NEXT.INNOVATION.TAKATAK,OTHERS,APPLICATIONS,SOCIAL,IN,ANDROID,LAVA,ENGLISH,6,3.637586,11,0,56,68,8,0,0.0,0.0,-20.72326584,-20.72326584,-20.72326584,-20.72326584,-3.928586,-3.098084
30,COM.NEXT.INNOVATION.TAKATAK,OTHERS,APPLICATIONS,SOCIAL,IN,ANDROID,TECNO,ENGLISH,7,2.995732,31,1,3,57,9,0,0.0,0.0,-20.72326584,-20.72326584,-20.72326584,-20.72326584,-3.76586,-3.14979
31,IN.MOHALLA.SHARECHAT,OTHERS,APPLICATIONS,SOCIAL,IN,ANDROID,XIAOMI,ENGLISH,11,2.484907,56,5,0,46,3,0,0.0,0.0,-20.72326584,-20.72326584,-20.72326584,-20.72326584,-3.552011,-2.699994
32,COM.NEXT.INNOVATION.TAKATAK,OTHERS,APPLICATIONS,SOCIAL,IN,ANDROID,REDMI,ENGLISH,10,3.332205,3,7,1,35,12,0,0.0,0.0,-20.72326584,-20.72326584,-20.72326584,-20.72326584,-3.964574,-2.968107
33,COM.NEXT.INNOVATION.TAKATAK,OTHERS,APPLICATIONS,SOCIAL,IN,ANDROID,VIVO,OTHERS,11,2.197225,0,11,5,24,2,0,0.0,0.0,-20.72326584,-20.72326584,-20.72326584,-20.72326584,-3.627629,-3.024853
34,COM.NEXT.INNOVATION.TAKATAK,OTHERS,APPLICATIONS,SOCIAL,IN,ANDROID,VIVO,OTHERS,9,3.367296,1,31,7,13,0,0,0.0,0.0,-20.72326584,-20.72326584,-20.72326584,-20.72326584,-3.866883,-3.03993
35,COM.NEXT.INNOVATION.TAKATAK,OTHERS,APPLICATIONS,SOCIAL,IN,ANDROID,VIVO,OTHERS,8.1.0,2.995732,5,56,11,2,1,0,0.0,0.0,-20.72326584,-20.72326584,-20.72326584,-20.72326584,-3.734373,-2.911364
36,IN.MOHALLA.SHARECHAT,OTHERS,APPLICATIONS,SOCIAL,IN,ANDROID,XIAOMI,ENGLISH,7.1.2,4.51086,7,3,31,0,0,0,0.0,0.0,-20.72326584,-20.72326584,-20.72326584,-20.72326584,-4.301428,-2.926054
37,COM.NEXT.INNOVATION.TAKATAK,OTHERS,APPLICATIONS,SOCIAL,IN,ANDROID,VIVO,OTHERS,11,2.890372,11,0,56,1397,151,5,0.033112583,0.0,-20.72326584,-20.72326584,-20.72326584,-20.72326584,-4.243999,-2.990183
38,COM.NEXT.INNOVATION.TAKATAK,OTHERS,APPLICATIONS,SOCIAL,IN,ANDROID,INFINIX,ENGLISH,10,3.218876,31,1,3,1109,157,3,0.01910828,0.006369427,-20.72326584,-20.72326584,-20.72326584,-20.72326584,-3.939918,-3.062175
39,COM.NEXT.INNOVATION.TAKATAK,OTHERS,APPLICATIONS,SOCIAL,IN,ANDROID,OPPO,ENGLISH,8.1,1.791759,56,5,0,764,103,2,0.019417476,0.0,-20.72326584,-20.72326584,-20.72326584,-20.72326584,-3.84568,-3.165682
40,IN.MOHALLA.SHARECHAT,OTHERS,APPLICATIONS,SOCIAL,IN,ANDROID,XIAOMI,ENGLISH,10,3.091042,3,7,1,651,109,1,0.009174312,0.0,-20.72326584,-20.72326584,-20.72326584,-20.72326584,-4.113822,-2.992058
41,IN.MOHALLA.SHARECHAT,OTHERS,APPLICATIONS,SOCIAL,IN,ANDROID,XIAOMI,GUJARATI,9,3.7612,0,11,5,581,115,0,0.0,0.0,-20.72326584,-20.72326584,-20.72326584,-20.72326584,-4.09259,-2.788978
42,COM.NEXT.INNOVATION.TAKATAK,OTHERS,APPLICATIONS,SOCIAL,IN,ANDROID,VIVO,OTHERS,6.0.1,3.555348,1,31,7,531,41,1,0.024390244,0.0,-20.72326584,-20.72326584,-20.72326584,-20.72326584,-4.267401,-3.091532
43,COM.NEXT.INNOVATION.TAKATAK,OTHERS,APPLICATIONS,SOCIAL,IN,ANDROID,XIAOMI,ENGLISH,10,2.484907,5,56,11,485,67,0,0.0,0.0,-20.72326584,-20.72326584,-20.72326584,-20.72326584,-3.88727,-3.046129
44,IN.MOHALLA.SHARECHAT,OTHERS,APPLICATIONS,SOCIAL,IN,ANDROID,XIAOMI,ENGLISH,7.1.2,3.091042,7,3,3,471,81,2,0.024691358,0.0,-20.72326584,-20.72326584,-20.72326584,-20.72326584,-3.763698,-2.756416
45,IN.MOHALLA.SHARECHAT,OTHERS,APPLICATIONS,SOCIAL,IN,ANDROID,XIAOMI,ENGLISH,11,3.258097,11,0,0,412,15,1,0.066666667,0.0,-20.72326584,-20.72326584,-20.72326584,-20.72326584,-3.978271,-3.000242
46,COM.NEXT.INNOVATION.TAKATAK,OTHERS,APPLICATIONS,SOCIAL,IN,ANDROID,XIAOMI,ENGLISH,9,2.564949,31,5,1,378,31,1,0.032258065,0.0,-20.72326584,-20.72326584,-20.72326584,-20.72326584,-4.255785,-3.1423
47,COM.NEXT.INNOVATION.TAKATAK,OTHERS,APPLICATIONS,SOCIAL,IN,ANDROID,REDMI,ENGLISH,30,2.197225,56,7,5,362,12,0,0.0,0.0,-20.72326584,-20.72326584,-20.72326584,-20.72326584,-3.817654,-3.079697
48,IN.MOHALLA.SHARECHAT,OTHERS,APPLICATIONS,SOCIAL,IN,ANDROID,VIVO,OTHERS,10,2.890372,3,11,7,310,15,1,0.066666667,0.0,-20.72326584,-20.72326584,-20.72326584,-20.72326584,-3.92215,-2.851549
49,COM.NEXT.INNOVATION.TAKATAK,OTHERS,APPLICATIONS,SOCIAL,IN,ANDROID,REALME,ENGLISH,30,2.197225,0,31,11,299,41,1,0.024390244,0.0,-20.72326584,-20.72326584,-20.72326584,-20.72326584,-3.735855,-3.202735
50,COM.NEXT.INNOVATION.TAKATAK,OTHERS,APPLICATIONS,SOCIAL,IN,ANDROID,VIVO,OTHERS,6.0.1,3.091042,1,56,31,296,13,1,0.076923077,0.0,-20.72326584,-20.72326584,-20.72326584,-20.72326584,-3.747907,-3.152819
51,IN.MOHALLA.SHARECHAT,OTHERS,APPLICATIONS,SOCIAL,IN,ANDROID,XIAOMI,ENGLISH,9,3.258097,5,3,56,287,14,0,0.0,0.0,-20.72326584,-20.72326584,-20.72326584,-20.72326584,-3.820593,-2.924549
52,COM.NEXT.INNOVATION.TAKATAK,OTHERS,APPLICATIONS,SOCIAL,IN,ANDROID,SAMSUNG,ENGLISH,8.1,4.143135,7,0,3,229,19,0,0.0,0.0,-20.72326584,-20.72326584,-20.72326584,-20.72326584,-3.866298,-2.977633
53,COM.NEXT.INNOVATION.TAKATAK,OTHERS,APPLICATIONS,SOCIAL,IN,ANDROID,XIAOMI,ENGLISH,7.1.2,-20.72326584,11,1,0,210,32,0,0.0,0.0,-20.72326584,-20.72326584,-20.72326584,-20.72326584,-20.72326584,-20.72326584
54,IN.MOHALLA.SHARECHAT,OTHERS,APPLICATIONS,SOCIAL,IN,ANDROID,VIVO,OTHERS,8.1.0,1.098612,31,5,1,190,32,0,0.0,0.0,-20.72326584,-20.72326584,-20.72326584,-20.72326584,-20.72326584,-20.72326584
55,COM.NEXT.INNOVATION.TAKATAK,OTHERS,APPLICATIONS,SOCIAL,IN,ANDROID,VIVO,OTHERS,11,4.488636,56,7,5,187,12,0,0.0,0.0,-20.72326584,-20.72326584,-20.72326584,-20.72326584,-4.046423,-3.100844
56,COM.NEXT.INNOVATION.TAKATAK,OTHERS,APPLICATIONS,SOCIAL,IN,ANDROID,VIVO,OTHERS,11,0.0,3,11,7,174,64,0,0.0,0.0,-20.72326584,-20.72326584,-20.72326584,-20.72326584,-20.72326584,-20.72326584
57,COM.NEXT.INNOVATION.TAKATAK,OTHERS,APPLICATIONS,SOCIAL,IN,ANDROID,XIAOMI,ENGLISH,10,4.025352,0,31,11,167,11,0,0.0,0.0,-20.72326584,-20.72326584,-20.72326584,-20.72326584,-3.927944,-3.293215
58,IN.MOHALLA.SHARECHAT,OTHERS,APPLICATIONS,SOCIAL,IN,ANDROID,XIAOMI,ENGLISH,9,2.833213,1,56,31,156,9,0,0.0,0.0,-20.72326584,-20.72326584,-20.72326584,-20.72326584,-3.891453,-3.113195
59,COM.NEXT.INNOVATION.TAKATAK,OTHERS,APPLICATIONS,SOCIAL,IN,ANDROID,VIVO,OTHERS,11,3.988984,5,3,56,145,43,0,0.0,0.0,-20.72326584,-20.72326584,-20.72326584,-20.72326584,-3.973522,-3.145174
60,COM.NEXT.INNOVATION.TAKATAK,OTHERS,APPLICATIONS,SOCIAL,IN,ANDROID,XIAOMI,ENGLISH,6.0.1,1.791759,7,0,3,134,12,0,0.0,0.0,-20.72326584,-20.72326584,-20.72326584,-20.72326584,-3.74457,-3.341057
61,COM.NEXT.INNOVATION.TAKATAK,OTHERS,APPLICATIONS,SOCIAL,IN,ANDROID,VIVO,OTHERS,10,5.164786,11,1,0,123,11,0,0.0,0.0,-20.72326584,-20.72326584,-20.72326584,-20.72326584,-4.116452,-3.147488
62,COM.NEXT.INNOVATION.TAKATAK,OTHERS,APPLICATIONS,SOCIAL,IN,ANDROID,REDMI,ENGLISH,10,3.218876,31,5,1,112,8,0,0.0,0.0,-20.72326584,-20.72326584,-20.72326584,-20.72326584,-4.054972,-3.080135
63,COM.NEXT.INNOVATION.TAKATAK,OTHERS,APPLICATIONS,SOCIAL,IN,ANDROID,VIVO,OTHERS,9,5.129899,56,7,5,101,32,0,0.0,0.0,-20.72326584,-20.72326584,-20.72326584,-20.72326584,-4.153896,-3.191646
64,COM.NEXT.INNOVATION.TAKATAK,OTHERS,APPLICATIONS,SOCIAL,IN,ANDROID,REDMI,ENGLISH,30,3.367296,3,11,7,90,21,0,0.0,0.0,-20.72326584,-20.72326584,-20.72326584,-20.72326584,-4.002659,-3.100233
65,COM.NEXT.INNOVATION.TAKATAK,OTHERS,APPLICATIONS,SOCIAL,IN,ANDROID,VIVO,OTHERS,10,3.044522,0,31,11,79,42,0,0.0,0.0,-20.72326584,-20.72326584,-20.72326584,-20.72326584,-3.812754,-2.886513
66,IN.MOHALLA.SHARECHAT,OTHERS,APPLICATIONS,SOCIAL,IN,ANDROID,VIVO,OTHERS,11,1.386294,1,56,3,68,8,0,0.0,0.0,-20.72326584,-20.72326584,-20.72326584,-20.72326584,-3.68006,-2.582812
67,COM.NEXT.INNOVATION.TAKATAK,OTHERS,APPLICATIONS,SOCIAL,IN,ANDROID,XIAOMI,ENGLISH,9,4.406719,5,3,0,57,9,0,0.0,0.0,-20.72326584,-20.72326584,-20.72326584,-20.72326584,-4.268167,-3.148108
68,COM.NEXT.INNOVATION.TAKATAK,OTHERS,APPLICATIONS,SOCIAL,IN,ANDROID,XIAOMI,ENGLISH,10,4.406719,7,0,1,46,3,0,0.0,0.0,-20.72326584,-20.72326584,-20.72326584,-20.72326584,-4.074013,-3.138389
69,COM.NEXT.INNOVATION.TAKATAK,OTHERS,APPLICATIONS,SOCIAL,IN,ANDROID,REALME,ENGLISH,10,4.691348,11,5,5,35,12,0,0.0,0.0,-20.72326584,-20.72326584,-20.72326584,-20.72326584,-4.003053,-3.073036
70,IN.MOHALLA.SHARECHAT,OTHERS,APPLICATIONS,SOCIAL,IN,ANDROID,XIAOMI,ENGLISH,9,2.944439,31,7,7,24,2,0,0.0,0.0,-20.72326584,-20.72326584,-20.72326584,-20.72326584,-4.095346,-2.637917
71,COM.NEXT.INNOVATION.TAKATAK,OTHERS,APPLICATIONS,SOCIAL,IN,ANDROID,VIVO,ENGLISH,30,2.079442,56,11,11,13,0,0,0.0,0.0,-20.72326584,-20.72326584,-20.72326584,-20.72326584,-4.144681,-3.377869
72,COM.NEXT.INNOVATION.TAKATAK,OTHERS,APPLICATIONS,SOCIAL,IN,ANDROID,VIVO,OTHERS,8.1.0,3.218876,3,31,31,2,1,0,0.0,0.0,-20.72326584,-20.72326584,-20.72326584,-20.72326584,-4.247887,-3.106902
73,COM.NEXT.INNOVATION.TAKATAK,OTHERS,APPLICATIONS,SOCIAL,IN,ANDROID,XIAOMI,ENGLISH,8.1,2.397895,0,56,56,0,0,0,0.0,0.0,-20.72326584,-20.72326584,-20.72326584,-20.72326584,-3.46689,-2.986176
74,COM.NEXT.INNOVATION.TAKATAK,OTHERS,APPLICATIONS,SOCIAL,IN,ANDROID,VIVO,ENGLISH,30,2.484907,1,3,3,1397,151,5,0.033112583,0.0,-20.72326584,-20.72326584,-20.72326584,-20.72326584,-3.770012,-3.123001
75,COM.NEXT.INNOVATION.TAKATAK,OTHERS,APPLICATIONS,SOCIAL,IN,ANDROID,XIAOMI,ENGLISH,9,2.079442,5,0,0,1109,157,3,0.01910828,0.0,-20.72326584,-20.72326584,-20.72326584,-20.72326584,-3.92584,-3.052678
76,COM.NEXT.INNOVATION.TAKATAK,OTHERS,APPLICATIONS,SOCIAL,IN,ANDROID,VIVO,OTHERS,11,4.983607,7,1,1,764,103,2,0.019417476,0.0,-20.72326584,-20.72326584,-20.72326584,-20.72326584,-4.13096,-3.191206
77,COM.NEXT.INNOVATION.TAKATAK,OTHERS,APPLICATIONS,SOCIAL,IN,ANDROID,OPPO,OTHERS,10,1.098612,11,5,5,651,109,1,0.009174312,0.0,-20.72326584,-20.72326584,-20.72326584,-20.72326584,-20.72326584,-20.72326584
78,IN.MOHALLA.SHARECHAT,OTHERS,APPLICATIONS,SOCIAL,IN,ANDROID,XIAOMI,ENGLISH,9,2.564949,31,7,7,581,115,0,0.0,0.0,-20.72326584,-20.72326584,-20.72326584,-20.72326584,-4.197908,-2.903332
79,COM.NEXT.INNOVATION.TAKATAK,OTHERS,APPLICATIONS,SOCIAL,IN,ANDROID,VIVO,OTHERS,11,3.401197,56,11,11,531,41,1,0.024390244,0.0,-20.72326584,-20.72326584,-20.72326584,-20.72326584,-4.1532,-3.167714
80,IN.MOHALLA.SHARECHAT,OTHERS,APPLICATIONS,SOCIAL,IN,ANDROID,XIAOMI,ENGLISH,7.1.2,3.367296,3,31,31,485,67,0,0.0,0.0,-20.72326584,-20.72326584,-20.72326584,-20.72326584,-3.937656,-2.929533
81,COM.NEXT.INNOVATION.TAKATAK,OTHERS,APPLICATIONS,SOCIAL,IN,ANDROID,VIVO,ENGLISH,8.1,2.639057,0,56,56,471,81,2,0.024691358,0.0,-20.72326584,-20.72326584,-20.72326584,-20.72326584,-3.760605,-2.93547
82,IN.MOHALLA.SHARECHAT,OTHERS,APPLICATIONS,SOCIAL,IN,ANDROID,XIAOMI,ENGLISH,10,3.951244,1,3,3,412,15,1,0.066666667,0.0,-20.72326584,-20.72326584,-20.72326584,-20.72326584,-3.930146,-3.039416
83,COM.NEXT.INNOVATION.TAKATAK,OTHERS,APPLICATIONS,SOCIAL,IN,ANDROID,REALME,ENGLISH,10,3.401197,5,0,0,378,31,1,0.032258065,0.0,-20.72326584,-20.72326584,-20.72326584,-20.72326584,-3.823843,-3.042076
84,COM.NEXT.INNOVATION.TAKATAK,OTHERS,APPLICATIONS,SOCIAL,IN,ANDROID,OPPO,ENGLISH,5.1,2.079442,7,1,1,362,12,0,0.0,0.0,-20.72326584,-20.72326584,-20.72326584,-20.72326584,-3.624874,-3.170114
85,COM.NEXT.INNOVATION.TAKATAK,OTHERS,APPLICATIONS,SOCIAL,IN,ANDROID,LAVA,ENGLISH,9,3.178054,11,5,5,310,15,1,0.066666667,0.0,-20.72326584,-20.72326584,-20.72326584,-20.72326584,-3.93045,-3.23082
86,IN.MOHALLA.SHARECHAT,OTHERS,APPLICATIONS,SOCIAL,IN,ANDROID,XIAOMI,ENGLISH,9,1.94591,31,7,7,299,41,1,0.024390244,0.0,-20.72326584,-20.72326584,-20.72326584,-20.72326584,-3.331828,-2.866748
87,COM.NEXT.INNOVATION.TAKATAK,OTHERS,APPLICATIONS,SOCIAL,IN,ANDROID,VIVO,ENGLISH,30,1.386294,56,11,11,296,13,1,0.076923077,0.0,-20.72326584,-20.72326584,-20.72326584,-20.72326584,-4.144079,-3.078533
88,COM.NEXT.INNOVATION.TAKATAK,OTHERS,APPLICATIONS,SOCIAL,IN,ANDROID,OPPO,INDONESIAN,10,2.302585,3,31,3,287,14,0,0.0,0.0,-20.72326584,-20.72326584,-20.72326584,-20.72326584,-3.664547,-3.093883
89,COM.NEXT.INNOVATION.TAKATAK,OTHERS,APPLICATIONS,SOCIAL,IN,ANDROID,XIAOMI,ENGLISH,10,5.627621,0,56,0,229,19,0,0.0,0.0,-20.72326584,-20.72326584,-20.72326584,-20.72326584,-4.120693,-3.179101
90,COM.NEXT.INNOVATION.TAKATAK,OTHERS,APPLICATIONS,SOCIAL,IN,ANDROID,REALME,ENGLISH,10,3.218876,1,3,1,210,32,0,0.0,0.0,-20.72326584,-20.72326584,-20.72326584,-20.72326584,-3.955983,-3.014395
91,COM.NEXT.INNOVATION.TAKATAK,OTHERS,APPLICATIONS,SOCIAL,IN,ANDROID,VIVO,ENGLISH,10,2.397895,5,0,5,190,32,0,0.0,0.0,-20.72326584,-20.72326584,-20.72326584,-20.72326584,-4.169055,-2.828674
92,COM.NEXT.INNOVATION.TAKATAK,OTHERS,APPLICATIONS,SOCIAL,IN,ANDROID,VIVO,OTHERS,11,0.693147,7,5,7,187,12,0,0.0,0.0,-20.72326584,-20.72326584,-20.72326584,-20.72326584,-4.299378,-2.837464
93,COM.NEXT.INNOVATION.TAKATAK,OTHERS,APPLICATIONS,SOCIAL,IN,ANDROID,OPPO,ENGLISH,30,2.70805,11,7,11,174,64,0,0.0,0.0,-20.72326584,-20.72326584,-20.72326584,-20.72326584,-3.785386,-3.043319
94,IN.MOHALLA.SHARECHAT,OTHERS,APPLICATIONS,SOCIAL,IN,ANDROID,XIAOMI,ENGLISH,10,3.258097,31,11,31,167,11,0,0.0,0.0,-20.72326584,-20.72326584,-20.72326584,-20.72326584,-3.894623,-2.849746
95,IN.MOHALLA.SHARECHAT,OTHERS,APPLICATIONS,SOCIAL,IN,ANDROID,XIAOMI,ENGLISH,9,4.317488,56,31,56,156,9,0,0.0,0.0,-20.72326584,-20.72326584,-20.72326584,-20.72326584,-4.059543,-2.967278
96,COM.NEXT.INNOVATION.TAKATAK,OTHERS,APPLICATIONS,SOCIAL,IN,ANDROID,OPPO,ENGLISH,8.1,3.135494,3,56,3,145,43,0,0.0,0.0,-20.72326584,-20.72326584,-20.72326584,-20.72326584,-3.808972,-2.758509
97,COM.NEXT.INNOVATION.TAKATAK,OTHERS,APPLICATIONS,SOCIAL,IN,ANDROID,VIVO,ENGLISH,11,0.693147,0,3,0,134,12,0,0.0,0.0,-20.72326584,-20.72326584,-20.72326584,-20.72326584,-20.72326584,-20.72326584
98,COM.NEXT.INNOVATION.TAKATAK,OTHERS,APPLICATIONS,SOCIAL,IN,ANDROID,VIVO,OTHERS,9,3.135494,1,0,1,123,11,0,0.0,0.0,-20.72326584,-20.72326584,-20.72326584,-20.72326584,-3.823691,-2.962619
99,COM.NEXT.INNOVATION.TAKATAK,OTHERS,APPLICATIONS,SOCIAL,IN,ANDROID,XIAOMI,ENGLISH,10,5.087596,5,1,5,112,8,0,0.0,0.0,-20.72326584,-20.72326584,-20.72326584,-20.72326584,-4.111356,-3.25213
100,COM.NEXT.INNOVATION.TAKATAK,OTHERS,APPLICATIONS,SOCIAL,IN,ANDROID,VIVO,OTHERS,11,3.178054,7,5,7,101,32,0,0.0,0.0,-20.72326584,-20.72326584,-20.72326584,-20.72326584,-4.042752,-2.862278
101,COM.NEXT.INNOVATION.TAKATAK,OTHERS,APPLICATIONS,SOCIAL,IN,ANDROID,VIVO,ENGLISH,10,5.198497,11,7,11,90,21,0,0.0,0.0,-20.72326584,-20.72326584,-20.72326584,-20.72326584,-4.18586,-3.078481
102,IN.MOHALLA.SHARECHAT,OTHERS,APPLICATIONS,SOCIAL,IN,ANDROID,VIVO,OTHERS,11,3.78419,31,11,31,79,42,0,0.0,0.0,-20.72326584,-20.72326584,-20.72326584,-20.72326584,-3.939785,-2.886137
103,COM.NEXT.INNOVATION.TAKATAK,OTHERS,APPLICATIONS,SOCIAL,IN,ANDROID,OPPO,ENGLISH,30,3.044522,56,31,56,68,8,0,0.0,0.0,-20.72326584,-20.72326584,-20.72326584,-20.72326584,-3.82462,-3.195834
104,COM.NEXT.INNOVATION.TAKATAK,OTHERS,APPLICATIONS,SOCIAL,IN,ANDROID,SAMSUNG,ENGLISH,10,2.079442,3,56,3,57,9,0,0.0,0.0,-20.72326584,-20.72326584,-20.72326584,-20.72326584,-3.74457,-3.341057
105,COM.NEXT.INNOVATION.TAKATAK,OTHERS,APPLICATIONS,SOCIAL,IN,ANDROID,XIAOMI,ENGLISH,8.1,2.833213,0,3,0,46,3,0,0.0,0.0,-20.72326584,-20.72326584,-20.72326584,-20.72326584,-4.094073,-3.170553
106,COM.NEXT.INNOVATION.TAKATAK,OTHERS,APPLICATIONS,SOCIAL,IN,ANDROID,VIVO,HINDI,9,4.007333,1,0,1,35,12,0,0.0,0.0,-20.72326584,-20.72326584,-20.72326584,-20.72326584,-4.187677,-3.029194
107,IN.MOHALLA.SHARECHAT,OTHERS,APPLICATIONS,SOCIAL,IN,ANDROID,VIVO,OTHERS,8.1.0,3.713572,5,1,5,24,2,0,0.0,0.0,-20.72326584,-20.72326584,-20.72326584,-20.72326584,-4.103896,-2.569485
108,IN.MOHALLA.SHARECHAT,OTHERS,APPLICATIONS,SOCIAL,IN,ANDROID,XIAOMI,ENGLISH,9,3.526361,7,5,7,13,0,0,0.0,0.0,-20.72326584,-20.72326584,-20.72326584,-20.72326584,-3.923193,-2.888938
109,COM.NEXT.INNOVATION.TAKATAK,OTHERS,APPLICATIONS,SOCIAL,IN,ANDROID,VIVO,ENGLISH,10,2.944439,11,7,11,2,1,0,0.0,0.0,-20.72326584,-20.72326584,-20.72326584,-20.72326584,-3.967026,-3.063055
110,COM.NEXT.INNOVATION.TAKATAK,OTHERS,APPLICATIONS,SOCIAL,IN,ANDROID,VIVO,OTHERS,11,2.890372,31,11,3,0,0,0,0.0,0.0,-20.72326584,-20.72326584,-20.72326584,-20.72326584,-3.825737,-3.195979
111,COM.NEXT.INNOVATION.TAKATAK,OTHERS,APPLICATIONS,SOCIAL,IN,ANDROID,VIVO,HINDI,9,1.098612,56,31,0,1397,151,5,0.033112583,0.0,-20.72326584,-20.72326584,-20.72326584,-20.72326584,-20.72326584,-20.72326584
112,IN.MOHALLA.SHARECHAT,OTHERS,APPLICATIONS,SOCIAL,IN,ANDROID,OPPO,ENGLISH,8.1,3.871201,3,56,1,1109,157,3,0.01910828,0.0,-20.72326584,-20.72326584,-20.72326584,-20.72326584,-4.141426,-2.867574
113,COM.NEXT.INNOVATION.TAKATAK,OTHERS,APPLICATIONS,SOCIAL,IN,ANDROID,VIVO,ENGLISH,30,1.098612,0,3,5,764,103,2,0.019417476,0.0,-20.72326584,-20.72326584,-20.72326584,-20.72326584,-3.74457,-3.341057
114,COM.NEXT.INNOVATION.TAKATAK,OTHERS,APPLICATIONS,SOCIAL,IN,ANDROID,XIAOMI,ENGLISH,10,2.70805,1,0,7,651,109,1,0.009174312,0.0,-20.72326584,-20.72326584,-20.72326584,-20.72326584,-3.892662,-2.732756
115,IN.MOHALLA.SHARECHAT,OTHERS,APPLICATIONS,SOCIAL,IN,ANDROID,XIAOMI,ENGLISH,9,1.791759,5,5,11,581,115,0,0.0,0.0,-20.72326584,-20.72326584,-20.72326584,-20.72326584,-20.72326584,-20.72326584
116,COM.NEXT.INNOVATION.TAKATAK,OTHERS,APPLICATIONS,SOCIAL,IN,ANDROID,VIVO,ENGLISH,6,1.386294,7,7,31,531,41,1,0.024390244,0.0,-20.72326584,-20.72326584,-20.72326584,-20.72326584,-4.274622,-3.425147
117,IN.MOHALLA.SHARECHAT,OTHERS,APPLICATIONS,SOCIAL,IN,ANDROID,VIVO,OTHERS,8.1.0,3.135494,11,11,56,485,67,0,0.0,0.0,-20.72326584,-20.72326584,-20.72326584,-20.72326584,-3.952125,-2.683665
118,IN.MOHALLA.SHARECHAT,OTHERS,APPLICATIONS,SOCIAL,IN,ANDROID,XIAOMI,ENGLISH,9,3.218876,31,31,3,471,81,2,0.024691358,0.0,-20.72326584,-20.72326584,-20.72326584,-20.72326584,-3.685712,-2.8864
119,COM.NEXT.INNOVATION.TAKATAK,OTHERS,APPLICATIONS,SOCIAL,IN,ANDROID,HTC,ENGLISH,10,3.044522,56,56,0,412,15,1,0.066666667,0.0,-20.72326584,-20.72326584,-20.72326584,-20.72326584,-4.037297,-2.822049
120,IN.MOHALLA.SHARECHAT,OTHERS,APPLICATIONS,SOCIAL,IN,ANDROID,SAMSUNG,ENGLISH,8.1.0,1.94591,3,3,1,378,31,1,0.032258065,0.0,-20.72326584,-20.72326584,-20.72326584,-20.72326584,-3.705524,-2.711082
121,IN.MOHALLA.SHARECHAT,OTHERS,APPLICATIONS,SOCIAL,IN,ANDROID,XIAOMI,OTHERS,9,4.26268,0,0,5,362,12,0,0.0,0.0,-20.72326584,-20.72326584,-20.72326584,-20.72326584,-3.89667,-3.060826
122,COM.NEXT.INNOVATION.TAKATAK,OTHERS,APPLICATIONS,SOCIAL,IN,ANDROID,XIAOMI,HINDI,10,2.995732,1,1,7,310,15,1,0.066666667,0.0,-20.72326584,-20.72326584,-20.72326584,-20.72326584,-3.722809,-3.010706
123,IN.MOHALLA.SHARECHAT,OTHERS,APPLICATIONS,SOCIAL,IN,ANDROID,XIAOMI,ENGLISH,10,2.890372,5,5,11,299,41,1,0.024390244,0.0,-20.72326584,-20.72326584,-20.72326584,-20.72326584,-3.884005,-2.74491
124,COM.NEXT.INNOVATION.TAKATAK,OTHERS,APPLICATIONS,SOCIAL,IN,ANDROID,VIVO,ENGLISH,30,2.564949,7,7,31,296,13,1,0.076923077,0.0,-20.72326584,-20.72326584,-20.72326584,-20.72326584,-3.602401,-3.193083
125,IN.MOHALLA.SHARECHAT,OTHERS,APPLICATIONS,SOCIAL,IN,ANDROID,XIAOMI,ENGLISH,7.1.2,4.204693,11,11,56,287,14,0,0.0,0.0,-20.72326584,-20.72326584,-20.72326584,-20.72326584,-3.964662,-2.912983
126,IN.MOHALLA.SHARECHAT,OTHERS,APPLICATIONS,SOCIAL,IN,ANDROID,VIVO,OTHERS,11,0.0,31,31,3,229,19,0,0.0,0.0,-20.72326584,-20.72326584,-20.72326584,-20.72326584,-20.72326584,-20.72326584
127,IN.MOHALLA.SHARECHAT,OTHERS,APPLICATIONS,SOCIAL,IN,ANDROID,XIAOMI,ENGLISH,9,3.295837,56,56,0,210,32,0,0.0,0.0,-20.72326584,-20.72326584,-20.72326584,-20.72326584,-4.373531,-2.923538
128,IN.MOHALLA.SHARECHAT,OTHERS,APPLICATIONS,SOCIAL,IN,ANDROID,XIAOMI,ENGLISH,10,4.007333,3,3,1,190,32,0,0.0,0.0,-20.72326584,-20.72326584,-20.72326584,-20.72326584,-4.104321,-3.050229
129,COM.NEXT.INNOVATION.TAKATAK,OTHERS,APPLICATIONS,SOCIAL,IN,ANDROID,SAMSUNG,ENGLISH,11,1.609438,0,0,5,187,12,0,0.0,0.0,-20.72326584,-20.72326584,-20.72326584,-20.72326584,-4.577197,-3.648536
130,COM.NEXT.INNOVATION.TAKATAK,OTHERS,APPLICATIONS,SOCIAL,IN,ANDROID,XIAOMI,ENGLISH,9,4.51086,1,1,7,174,64,0,0.0,0.0,-4.976734,-7.973881,-20.723266,-20.723266,-4.031664,-2.81037
131,COM.NEXT.INNOVATION.TAKATAK,OTHERS,APPLICATIONS,SOCIAL,IN,ANDROID,OPPO,ENGLISH,9,3.178054,5,5,11,167,11,0,0.0,0.0,-20.72326584,-20.72326584,-20.72326584,-20.72326584,-3.956021,-3.203256
132,COM.NEXT.INNOVATION.TAKATAK,OTHERS,APPLICATIONS,SOCIAL,IN,ANDROID,XIAOMI,ENGLISH,10,3.931826,7,7,3,156,9,0,0.0,0.0,-20.72326584,-20.72326584,-20.72326584,-20.72326584,-3.834563,-3.157533
133,COM.NEXT.INNOVATION.TAKATAK,OTHERS,APPLICATIONS,SOCIAL,IN,ANDROID,REDMI,ENGLISH,10,3.332205,11,11,0,145,43,0,0.0,0.0,-20.72326584,-20.72326584,-20.72326584,-20.72326584,-3.938833,-2.848228
134,COM.NEXT.INNOVATION.TAKATAK,OTHERS,APPLICATIONS,SOCIAL,IN,ANDROID,SAMSUNG,ENGLISH,5.1,1.791759,31,31,1,134,12,0,0.0,0.0,-20.72326584,-20.72326584,-20.72326584,-20.72326584,-3.74457,-3.341057
135,COM.NEXT.INNOVATION.TAKATAK,OTHERS,APPLICATIONS,SOCIAL,IN,ANDROID,SONY,ENGLISH,UNKNOW,4.574711,56,56,5,123,11,0,0.0,0.0,-20.72326584,-20.72326584,-20.72326584,-20.72326584,-3.976498,-3.273918
136,COM.NEXT.INNOVATION.TAKATAK,OTHERS,APPLICATIONS,SOCIAL,IN,ANDROID,XIAOMI,ENGLISH,9,-20.72326584,3,3,7,112,8,0,0.0,0.0,-20.72326584,-20.72326584,-20.72326584,-20.72326584,-20.72326584,-20.72326584
137,IN.MOHALLA.SHARECHAT,OTHERS,APPLICATIONS,SOCIAL,IN,ANDROID,XIAOMI,ENGLISH,9,2.890372,0,0,11,101,32,0,0.0,0.0,-20.72326584,-20.72326584,-20.72326584,-20.72326584,-3.927267,-2.804902
138,COM.NEXT.INNOVATION.TAKATAK,OTHERS,APPLICATIONS,SOCIAL,IN,ANDROID,VIVO,OTHERS,8.1.0,3.7612,1,5,31,90,21,0,0.0,0.0,-20.72326584,-20.72326584,-20.72326584,-20.72326584,-3.774814,-2.922385
139,COM.NEXT.INNOVATION.TAKATAK,OTHERS,APPLICATIONS,SOCIAL,IN,ANDROID,VIVO,ENGLISH,30,2.772589,5,7,56,79,42,0,0.0,0.0,-20.72326584,-20.72326584,-20.72326584,-20.72326584,-3.87821,-2.913668
140,IN.MOHALLA.SHARECHAT,OTHERS,APPLICATIONS,SOCIAL,IN,ANDROID,REDMI,ENGLISH,10,4.025352,7,11,3,68,8,0,0.0,0.0,-20.72326584,-20.72326584,-20.72326584,-20.72326584,-3.960153,-2.767032
141,COM.NEXT.INNOVATION.TAKATAK,OTHERS,APPLICATIONS,SOCIAL,IN,ANDROID,VIVO,OTHERS,11,2.302585,11,31,0,57,9,0,0.0,0.0,-20.72326584,-20.72326584,-20.72326584,-20.72326584,-3.796905,-3.074214
142,IN.MOHALLA.SHARECHAT,OTHERS,APPLICATIONS,SOCIAL,IN,ANDROID,XIAOMI,ENGLISH,10,4.356709,31,56,1,46,3,0,0.0,0.0,-20.72326584,-20.72326584,-20.72326584,-20.72326584,-4.188621,-2.910999
143,COM.NEXT.INNOVATION.TAKATAK,OTHERS,APPLICATIONS,SOCIAL,IN,ANDROID,VIVO,OTHERS,10,5.886104,56,3,5,35,12,0,0.0,0.0,-20.72326584,-20.72326584,-20.72326584,-20.72326584,-4.186912,-3.097969
144,IN.MOHALLA.SHARECHAT,OTHERS,APPLICATIONS,SOCIAL,IN,ANDROID,XIAOMI,ENGLISH,9,3.135494,3,0,7,24,2,0,0.0,0.0,-20.72326584,-20.72326584,-20.72326584,-20.72326584,-3.810932,-2.996395
145,COM.NEXT.INNOVATION.TAKATAK,OTHERS,APPLICATIONS,SOCIAL,IN,ANDROID,ITEL,ENGLISH,8.1,2.484907,0,1,11,13,0,0,0.0,0.0,-20.72326584,-20.72326584,-20.72326584,-20.72326584,-3.453252,-2.829301
146,COM.NEXT.INNOVATION.TAKATAK,OTHERS,APPLICATIONS,SOCIAL,IN,ANDROID,HUAWEI,ENGLISH,10,2.995732,1,5,31,2,1,0,0.0,0.0,-20.72326584,-20.72326584,-20.72326584,-20.72326584,-3.862851,-2.825045
147,COM.NEXT.INNOVATION.TAKATAK,OTHERS,APPLICATIONS,SOCIAL,IN,ANDROID,XIAOMI,ENGLISH,8.1,1.791759,5,7,56,0,0,0,0.0,0.0,-20.72326584,-20.72326584,-20.72326584,-20.72326584,-4.690357,-3.166866
148,COM.NEXT.INNOVATION.TAKATAK,OTHERS,APPLICATIONS,SOCIAL,IN,ANDROID,MICROMAX,ENGLISH,11,4.406719,7,11,3,1397,151,5,0.033112583,0.0,-20.72326584,-20.72326584,-20.72326584,-20.72326584,-4.079998,-3.06617
149,COM.NEXT.INNOVATION.TAKATAK,OTHERS,APPLICATIONS,SOCIAL,IN,ANDROID,XIAOMI,ENGLISH,10,2.944439,11,31,0,1109,157,3,0.01910828,0.0,-20.72326584,-20.72326584,-20.72326584,-20.72326584,-3.77815,-3.055106
150,COM.NEXT.INNOVATION.TAKATAK,OTHERS,APPLICATIONS,SOCIAL,IN,ANDROID,VIVO,ENGLISH,8.1,2.302585,31,56,1,764,103,2,0.019417476,0.0,-20.72326584,-20.72326584,-20.72326584,-20.72326584,-3.777027,-2.985983
151,COM.NEXT.INNOVATION.TAKATAK,OTHERS,APPLICATIONS,SOCIAL,IN,ANDROID,VIVO,ENGLISH,9,4.804021,56,3,5,651,109,1,0.009174312,0.0,-20.72326584,-20.72326584,-20.72326584,-20.72326584,-4.199122,-3.164954
152,COM.NEXT.INNOVATION.TAKATAK,OTHERS,APPLICATIONS,SOCIAL,IN,ANDROID,VIVO,ENGLISH,8.1,3.713572,3,0,7,581,115,0,0.0,0.0,-20.72326584,-20.72326584,-20.72326584,-20.72326584,-3.875011,-2.903804
153,COM.NEXT.INNOVATION.TAKATAK,OTHERS,APPLICATIONS,SOCIAL,IN,ANDROID,OPPO,ENGLISH,10,2.302585,0,1,11,531,41,1,0.024390244,0.0,-20.72326584,-20.72326584,-20.72326584,-20.72326584,-3.969258,-3.170469
154,COM.NEXT.INNOVATION.TAKATAK,OTHERS,APPLICATIONS,SOCIAL,IN,ANDROID,SAMSUNG,ENGLISH,10,4.454347,1,5,3,485,67,0,0.0,0.0,-20.72326584,-20.72326584,-20.72326584,-20.72326584,-3.891627,-3.077159
155,IN.MOHALLA.SHARECHAT,OTHERS,APPLICATIONS,SOCIAL,IN,ANDROID,VIVO,OTHERS,11,5.429346,5,7,0,471,81,2,0.024691358,0.0,-20.72326584,-20.72326584,-20.72326584,-20.72326584,-4.133039,-2.948757
156,COM.NEXT.INNOVATION.TAKATAK,OTHERS,APPLICATIONS,SOCIAL,IN,ANDROID,XIAOMI,ENGLISH,9,1.94591,7,11,1,412,15,1,0.066666667,0.0,-20.72326584,-20.72326584,-20.72326584,-20.72326584,-3.74457,-3.341057
157,IN.MOHALLA.SHARECHAT,OTHERS,APPLICATIONS,SOCIAL,IN,ANDROID,XIAOMI,ENGLISH,9,3.332205,11,31,5,378,31,1,0.032258065,0.0,-20.72326584,-20.72326584,-20.72326584,-20.72326584,-3.932281,-2.784341
158,COM.NEXT.INNOVATION.TAKATAK,OTHERS,APPLICATIONS,SOCIAL,IN,ANDROID,XIAOMI,ENGLISH,10,4.219508,31,56,7,362,12,0,0.0,0.0,-20.72326584,-20.72326584,-20.72326584,-20.72326584,-3.955283,-2.991644
159,COM.NEXT.INNOVATION.TAKATAK,OTHERS,APPLICATIONS,SOCIAL,IN,ANDROID,XIAOMI,ENGLISH,10,2.197225,56,3,11,310,15,1,0.066666667,0.0,-20.72326584,-20.72326584,-20.72326584,-20.72326584,-4.04586,-2.639622
160,COM.NEXT.INNOVATION.TAKATAK,OTHERS,APPLICATIONS,SOCIAL,IN,ANDROID,REALME,ENGLISH,11,2.302585,3,0,31,299,41,1,0.024390244,0.0,-20.72326584,-20.72326584,-20.72326584,-20.72326584,-4.255785,-3.1423
161,IN.MOHALLA.SHARECHAT,OTHERS,APPLICATIONS,SOCIAL,IN,ANDROID,VIVO,OTHERS,8.1.0,3.526361,0,5,56,296,13,1,0.076923077,0.0,-20.72326584,-20.72326584,-20.72326584,-20.72326584,-4.166998,-2.850836
162,COM.NEXT.INNOVATION.TAKATAK,OTHERS,APPLICATIONS,SOCIAL,IN,ANDROID,VIVO,OTHERS,10,3.091042,1,7,3,287,14,0,0.0,0.0,-20.72326584,-20.72326584,-20.72326584,-20.72326584,-4.018885,-3.077224
163,COM.NEXT.INNOVATION.TAKATAK,OTHERS,APPLICATIONS,SOCIAL,IN,ANDROID,XIAOMI,ENGLISH,10,3.091042,5,11,0,229,19,0,0.0,0.0,-20.72326584,-20.72326584,-20.72326584,-20.72326584,-4.284823,-3.335098
164,COM.NEXT.INNOVATION.TAKATAK,OTHERS,APPLICATIONS,SOCIAL,IN,ANDROID,VIVO,TAMIL,8.1.0,2.772589,7,31,1,210,32,0,0.0,0.0,-20.72326584,-20.72326584,-20.72326584,-20.72326584,-4.137224,-3.114228
165,COM.NEXT.INNOVATION.TAKATAK,OTHERS,APPLICATIONS,SOCIAL,IN,ANDROID,OPPO,ENGLISH,9,2.079442,11,56,5,190,32,0,0.0,0.0,-20.72326584,-20.72326584,-20.72326584,-20.72326584,-4.03307,-2.694107
166,IN.MOHALLA.SHARECHAT,OTHERS,APPLICATIONS,SOCIAL,IN,ANDROID,XIAOMI,ENGLISH,9,3.401197,31,3,7,187,12,0,0.0,0.0,-20.72326584,-20.72326584,-20.72326584,-20.72326584,-3.916543,-2.908875
167,IN.MOHALLA.SHARECHAT,OTHERS,APPLICATIONS,SOCIAL,IN,ANDROID,XIAOMI,ENGLISH,9,1.609438,56,0,11,174,64,0,0.0,0.0,-20.72326584,-20.72326584,-20.72326584,-20.72326584,-3.375971,-2.717219
168,COM.NEXT.INNOVATION.TAKATAK,OTHERS,APPLICATIONS,SOCIAL,IN,ANDROID,REDMI,ENGLISH,10,2.484907,3,1,31,167,11,0,0.0,0.0,-20.72326584,-20.72326584,-20.72326584,-20.72326584,-4.002135,-3.272978
169,IN.MOHALLA.SHARECHAT,OTHERS,APPLICATIONS,SOCIAL,IN,ANDROID,XIAOMI,ENGLISH,9,1.94591,0,5,56,156,9,0,0.0,0.0,-20.72326584,-20.72326584,-20.72326584,-20.72326584,-4.019151,-2.854784
170,IN.MOHALLA.SHARECHAT,OTHERS,APPLICATIONS,SOCIAL,IN,ANDROID,VIVO,OTHERS,11,3.044522,1,7,3,145,43,0,0.0,0.0,-20.72326584,-20.72326584,-20.72326584,-20.72326584,-3.905145,-2.654197
171,COM.NEXT.INNOVATION.TAKATAK,OTHERS,APPLICATIONS,SOCIAL,IN,ANDROID,REALME,ENGLISH,10,2.890372,5,11,0,134,12,0,0.0,0.0,-20.72326584,-20.72326584,-20.72326584,-20.72326584,-3.895948,-2.887652
172,COM.NEXT.INNOVATION.TAKATAK,OTHERS,APPLICATIONS,SOCIAL,IN,ANDROID,OPPO,ENGLISH,9,1.098612,7,31,1,123,11,0,0.0,0.0,-20.72326584,-20.72326584,-20.72326584,-20.72326584,-3.610344,-3.106584
173,IN.MOHALLA.SHARECHAT,OTHERS,APPLICATIONS,SOCIAL,IN,ANDROID,OPPO,OTHERS,10,1.94591,11,56,5,112,8,0,0.0,0.0,-20.72326584,-20.72326584,-20.72326584,-20.72326584,-3.864321,-2.777347
174,IN.MOHALLA.SHARECHAT,OTHERS,APPLICATIONS,SOCIAL,IN,ANDROID,VIVO,OTHERS,11,0.693147,31,3,7,101,32,0,0.0,0.0,-20.72326584,-20.72326584,-20.72326584,-20.72326584,-4.860793,-3.81399
175,IN.MOHALLA.SHARECHAT,OTHERS,APPLICATIONS,SOCIAL,IN,ANDROID,SAMSUNG,ENGLISH,11,4.634729,56,0,11,90,21,0,0.0,0.0,-20.72326584,-20.72326584,-20.72326584,-20.72326584,-4.020687,-2.804845
176,IN.MOHALLA.SHARECHAT,OTHERS,APPLICATIONS,SOCIAL,IN,ANDROID,XIAOMI,ENGLISH,7.1.2,2.995732,3,1,3,79,42,0,0.0,0.0,-20.72326584,-20.72326584,-20.72326584,-20.72326584,-3.705414,-2.94841
177,COM.NEXT.INNOVATION.TAKATAK,OTHERS,APPLICATIONS,SOCIAL,IN,ANDROID,SAMSUNG,ENGLISH,6,0.693147,0,5,0,68,8,0,0.0,0.0,-20.72326584,-20.72326584,-20.72326584,-20.72326584,-3.74457,-3.341057
178,COM.NEXT.INNOVATION.TAKATAK,OTHERS,APPLICATIONS,SOCIAL,IN,ANDROID,VIVO,OTHERS,9,2.484907,1,7,1,57,9,0,0.0,0.0,-20.72326584,-20.72326584,-20.72326584,-20.72326584,-4.141251,-2.943561
179,COM.NEXT.INNOVATION.TAKATAK,OTHERS,APPLICATIONS,SOCIAL,IN,ANDROID,XIAOMI,ENGLISH,10,2.772589,5,11,5,46,3,0,0.0,0.0,-20.72326584,-20.72326584,-20.72326584,-20.72326584,-3.778241,-2.982716
180,COM.NEXT.INNOVATION.TAKATAK,OTHERS,APPLICATIONS,SOCIAL,IN,ANDROID,XIAOMI,ENGLISH,10,3.496508,7,31,7,35,12,0,0.0,0.0,-20.72326584,-20.72326584,-20.72326584,-20.72326584,-4.084888,-3.087548
181,COM.NEXT.INNOVATION.TAKATAK,OTHERS,APPLICATIONS,SOCIAL,IN,ANDROID,REALME,HINDI,10,2.772589,11,56,11,24,2,0,0.0,0.0,-20.72326584,-20.72326584,-20.72326584,-20.72326584,-3.842059,-3.013622
182,COM.NEXT.INNOVATION.TAKATAK,OTHERS,APPLICATIONS,SOCIAL,IN,ANDROID,REDMI,ENGLISH,10,2.772589,31,3,31,13,0,0,0.0,0.0,-20.72326584,-20.72326584,-20.72326584,-20.72326584,-3.795962,-3.07474
183,COM.NEXT.INNOVATION.TAKATAK,OTHERS,APPLICATIONS,SOCIAL,IN,ANDROID,SAMSUNG,ENGLISH,8,3.583519,56,0,56,2,1,0,0.0,0.0,-20.72326584,-20.72326584,-20.72326584,-20.72326584,-4.141322,-3.078974
184,COM.NEXT.INNOVATION.TAKATAK,OTHERS,APPLICATIONS,SOCIAL,IN,ANDROID,SAMSUNG,ENGLISH,30,2.890372,3,5,3,0,0,0,0.0,0.0,-20.72326584,-20.72326584,-20.72326584,-20.72326584,-3.840002,-3.337897
185,IN.MOHALLA.SHARECHAT,OTHERS,APPLICATIONS,SOCIAL,IN,ANDROID,XIAOMI,ENGLISH,9,1.609438,0,7,0,1397,151,5,0.033112583,0.0,-20.72326584,-20.72326584,-20.72326584,-20.72326584,-3.842513,-3.194836
186,COM.NEXT.INNOVATION.TAKATAK,OTHERS,APPLICATIONS,SOCIAL,IN,ANDROID,VIVO,OTHERS,10,3.970292,1,11,1,1109,157,3,0.01910828,0.0,-20.72326584,-20.72326584,-20.72326584,-20.72326584,-3.953567,-3.058794
187,IN.MOHALLA.SHARECHAT,OTHERS,APPLICATIONS,SOCIAL,IN,ANDROID,XIAOMI,ENGLISH,9,3.7612,5,31,5,764,103,2,0.019417476,0.0,-20.72326584,-20.72326584,-20.72326584,-20.72326584,-4.022148,-2.786155
188,COM.NEXT.INNOVATION.TAKATAK,OTHERS,APPLICATIONS,SOCIAL,IN,ANDROID,SAMSUNG,ENGLISH,8.1,3.044522,7,56,7,651,109,1,0.009174312,0.0,-20.72326584,-20.72326584,-20.72326584,-20.72326584,-3.928755,-3.172716
189,COM.NEXT.INNOVATION.TAKATAK,OTHERS,APPLICATIONS,SOCIAL,IN,ANDROID,VIVO,ENGLISH,30,3.688879,11,3,11,581,115,0,0.0,0.0,-20.72326584,-20.72326584,-20.72326584,-20.72326584,-3.925285,-2.999629
190,COM.NEXT.INNOVATION.TAKATAK,OTHERS,APPLICATIONS,SOCIAL,IN,ANDROID,REALME,ENGLISH,10,3.218876,31,0,31,531,41,1,0.024390244,0.0,-20.72326584,-20.72326584,-20.72326584,-20.72326584,-3.969296,-3.017719
191,COM.NEXT.INNOVATION.TAKATAK,OTHERS,APPLICATIONS,SOCIAL,IN,ANDROID,OPPO,ENGLISH,10,1.386294,56,1,56,485,67,0,0.0,0.0,-20.72326584,-20.72326584,-20.72326584,-20.72326584,-3.983981,-3.057889
192,IN.MOHALLA.SHARECHAT,OTHERS,APPLICATIONS,SOCIAL,IN,ANDROID,VIVO,ENGLISH,11.0.0,3.258097,3,5,3,471,81,2,0.024691358,0.0,-20.72326584,-20.72326584,-20.72326584,-20.72326584,-4.038789,-2.940119
193,IN.MOHALLA.SHARECHAT,OTHERS,APPLICATIONS,SOCIAL,IN,ANDROID,XIAOMI,ENGLISH,9,2.302585,0,7,0,412,15,1,0.066666667,0.0,-20.72326584,-20.72326584,-20.72326584,-20.72326584,-3.670447,-2.716883
194,IN.MOHALLA.SHARECHAT,OTHERS,APPLICATIONS,SOCIAL,IN,ANDROID,XIAOMI,ENGLISH,10,3.828641,1,11,1,378,31,1,0.032258065,0.0,-20.72326584,-20.72326584,-20.72326584,-20.72326584,-4.326737,-2.781877
195,COM.NEXT.INNOVATION.TAKATAK,OTHERS,APPLICATIONS,SOCIAL,IN,ANDROID,REALME,ENGLISH,30,2.079442,5,31,5,362,12,0,0.0,0.0,-20.72326584,-20.72326584,-20.72326584,-20.72326584,-3.968373,-3.295273
196,COM.NEXT.INNOVATION.TAKATAK,OTHERS,APPLICATIONS,SOCIAL,IN,ANDROID,REALME,ENGLISH,30,3.135494,7,56,7,310,15,1,0.066666667,0.0,-20.72326584,-20.72326584,-20.72326584,-20.72326584,-3.895839,-3.098329
197,COM.NEXT.INNOVATION.TAKATAK,OTHERS,APPLICATIONS,SOCIAL,IN,ANDROID,XIAOMI,ENGLISH,10,2.772589,11,3,11,299,41,1,0.024390244,0.0,-20.72326584,-20.72326584,-20.72326584,-20.72326584,-3.87407,-3.034954
198,IN.MOHALLA.SHARECHAT,OTHERS,APPLICATIONS,SOCIAL,IN,ANDROID,POCO,OTHERS,6,3.7612,31,0,3,296,13,1,0.076923077,0.0,-20.72326584,-20.72326584,-20.72326584,-20.72326584,-3.959737,-2.71467
